﻿<?xml version="1.0" encoding="utf-8"?>
<manifest>
  <control namespace="DragAndDropV1" constructor="DragAndDropV1" version="0.0.16" display-name-key="DragAndDropV1" description-key="DragAndDropV1 description" control-type="standard">
    <external-service-usage enabled="false">
    </external-service-usage>
    <property name="sampleProperty" display-name-key="Property_Display_Key" description-key="Property_Desc_Key" of-type-group="TextGroup" usage="bound" required="true" />
    <type-group name="TextGroup">
      <type>SingleLine.Text</type>
      <type>SingleLine.Phone</type>
      <type>SingleLine.Email</type>
      <type>TwoOptions</type>
    </type-group>
    <property name="UploadAsNotes" display-name-key="UploadAsNotes" description-key="Upload the target files as Notes attachment. No value should only be selected for Email and Appointment" usage="input" required="true" of-type="Enum">
      <value name="No" display-name-key="No">0</value>
      <value name="Yes" display-name-key="Yes" default="true">1</value>
    </property>
    <resources>
      <code path="index.ts" order="1" />
      <!-- UNCOMMENT TO ADD MORE RESOURCES
      <css path="css/DragAndDropV1.css" order="1" />
      <resx path="strings/DragAndDropV1.1033.resx" version="1.0.0" />
      -->
    </resources>
    <feature-usage>
      <!-- <uses-feature name="Device.captureAudio" required="true" />
      <uses-feature name="Device.captureImage" required="true" />
      <uses-feature name="Device.captureVideo" required="true" />
      <uses-feature name="Device.getBarcodeValue" required="true" />
      <uses-feature name="Device.getCurrentPosition" required="true" />
      <uses-feature name="Device.pickFile" required="true" /> -->
      <uses-feature name="Utility" required="true" />
      <uses-feature name="WebAPI" required="true" />
    </feature-usage>
  </control>
</manifest>